File,Label,Angle
ImagenCedula_00Reebs.jpg,Cedula_Amarilla,181.9978798564767
ImagenCedula_00UTrgn.jpg,Cedula_Amarilla,10.124671655397815
ImagenCedula_00vfXn4.jpg,Cedula_Amarilla,180.0
ImagenCedula_01eGLQS.jpg,Cedula_Amarilla,0.0
ImagenCedula_01Fx1jU.jpg,Cedula_Amarilla,174.58813084768298
ImagenCedula_01Je80z.jpg,Cedula_Amarilla,180.0
ImagenCedula_01oMv9D.jpg,Cedula_Amarilla,192.01147838636544
ImagenCedula_01WFSOa.jpg,Cedula_Amarilla,359.71352348972295
ImagenCedula_01YcVas.jpg,Cedula_Amarilla,0.0
ImagenCedula_0a9dQql.jpg,Cedula_Amarilla,0.0
ImagenCedula_0A9Ipbx.jpg,Cedula_Amarilla,180.0
ImagenCedula_0afQzBm.jpg,Cedula_Amarilla,2.1080953123570025
ImagenCedula_0AHD7t6.jpg,Cedula_Amarilla,356.6002858408767
ImagenCedula_0ai3tJ6.jpg,Cedula_Amarilla,0.0
ImagenCedula_0AQfmrG.jpg,Cedula_Amarilla,7.917503034828343
ImagenCedula_0AshecY.jpg,Cedula_Amarilla,14.606737354446995
ImagenCedula_0aVTlox.jpg,Cedula_Amarilla,0.0
ImagenCedula_0Ax6Lcw.jpg,Cedula_Amarilla,0.0
ImagenCedula_0B1nCCQ.jpg,Cedula_Amarilla,180.0
ImagenCedula_0b3Jpzz.jpg,Cedula_Amarilla,164.30033145386545
ImagenCedula_0B3ym3b.jpg,Cedula_Amarilla,350.7007583179366
ImagenCedula_0B42Jeb.jpg,Cedula_Amarilla,0.0
ImagenCedula_0B4W34k.jpg,Cedula_Amarilla,182.108095312357
ImagenCedula_0b92tXS.jpg,Cedula_Amarilla,4.310625824820529
ImagenCedula_0Ba3OPJ.jpg,Cedula_Amarilla,0.0
ImagenCedula_0BB91p1.jpg,Cedula_Amarilla,180.0
ImagenCedula_0BD7sTo.jpg,Cedula_Amarilla,180.0
ImagenCedula_0bDdXkv.jpg,Cedula_Amarilla,355.71846376492937
ImagenCedula_0bh34he.jpg,Cedula_Amarilla,0.0
ImagenCedula_0BhsKwf.jpg,Cedula_Amarilla,0.0
ImagenCedula_0bhybv3.jpg,Cedula_Amarilla,0.0
ImagenCedula_0bIlkWV.jpg,Cedula_Amarilla,0.6740368979845053
ImagenCedula_0bkgkC5.jpg,Cedula_Amarilla,180.0
ImagenCedula_0bNCS5W.jpg,Cedula_Amarilla,172.58134993988654
ImagenCedula_0boQGgV.jpg,Cedula_Amarilla,0.0
ImagenCedula_0BtQFh7.jpg,Cedula_Amarilla,0.0
ImagenCedula_0Bu8r2C.jpg,Cedula_Amarilla,182.92734799174087
ImagenCedula_0bXwQca.jpg,Cedula_Amarilla,359.16968451374197
ImagenCedula_0C5Dnkl.jpg,Cedula_Amarilla,182.94
ImagenCedula_0C8cawz.jpg,Cedula_Amarilla,2.503139779584906
ImagenCedula_0C8uZ8I.jpg,Cedula_Amarilla,6.159163029143085
ImagenCedula_0C9t4EY.jpg,Cedula_Amarilla,346.5904041329059
ImagenCedula_0CBB91U.jpg,Cedula_Amarilla,0.0
ImagenCedula_0ceEmEJ.jpg,Cedula_Amarilla,0.0
ImagenCedula_0Cgi9gQ.jpg,Cedula_Amarilla,350.64329201247136
ImagenCedula_0ChQAI9.jpg,Cedula_Amarilla,0.0
ImagenCedula_0Cjr6US.jpg,Cedula_Amarilla,0.0
ImagenCedula_0CNbGt6.jpg,Cedula_Amarilla,180.0
ImagenCedula_0coDOEG.jpg,Cedula_Amarilla,180.0
ImagenCedula_0CpYgUM.jpg,Cedula_Amarilla,6.594515032227988
ImagenCedula_0CQbsKA.jpg,Cedula_Amarilla,0.0
ImagenCedula_0cRD8aZ.jpg,Cedula_Amarilla,0.0
ImagenCedula_0cVhCWK.jpg,Cedula_Amarilla,187.69
ImagenCedula_0D8E18P.jpg,Cedula_Amarilla,180.2212181266649
ImagenCedula_0da6rjK.jpg,Cedula_Amarilla,0.0
ImagenCedula_0Dbc865.jpg,Cedula_Amarilla,0.0
ImagenCedula_0Df6esw.jpg,Cedula_Amarilla,351.51839420597065
ImagenCedula_0dg7r7e.jpg,Cedula_Amarilla,0.0
ImagenCedula_0dgkNrs.jpg,Cedula_Amarilla,0.0
ImagenCedula_0dK4V0D.jpg,Cedula_Amarilla,351.51105611949527
ImagenCedula_0DS0RPP.jpg,Cedula_Amarilla,179.7106298365594
ImagenCedula_0DTj2ib.jpg,Cedula_Amarilla,0.0
ImagenCedula_0DX6bcL.jpg,Cedula_Amarilla,354.1030364897892
ImagenCedula_0DXICyk.jpg,Cedula_Amarilla,0.0
ImagenCedula_0E0dJQ5.jpg,Cedula_Amarilla,356.14936117608926
ImagenCedula_0E2Bx1i.jpg,Cedula_Amarilla,181.0912162252626
ImagenCedula_0e6my6q.jpg,Cedula_Amarilla,357.17982752755154
ImagenCedula_0e9cEOH.jpg,Cedula_Amarilla,3.1622977521393887
ImagenCedula_0ebWrV5.jpg,Cedula_Amarilla,2.935673446421173
ImagenCedula_0eCNhei.jpg,Cedula_Amarilla,3.086489263781074
ImagenCedula_0ecNyKJ.jpg,Cedula_Amarilla,359.0289780689208
ImagenCedula_0EdUSHx.jpg,Cedula_Amarilla,1.2960634980171208
ImagenCedula_0EEJcIT.jpg,Cedula_Amarilla,179.18542295024028
ImagenCedula_0EeVW89.jpg,Cedula_Amarilla,357.2993706626047
ImagenCedula_0EguxUr.jpg,Cedula_Amarilla,350.17010766536254
ImagenCedula_0eHBvqt.jpg,Cedula_Amarilla,0.0
ImagenCedula_0EiRmRv.jpg,Cedula_Amarilla,183.95564548038416
ImagenCedula_0EJwJsy.jpg,Cedula_Amarilla,179.3904934233248
ImagenCedula_0eL5fQV.jpg,Cedula_Amarilla,359.424182406755
ImagenCedula_0eO5Ogf.jpg,Cedula_Amarilla,0.5729386976834859
ImagenCedula_0EPLQzG.jpg,Cedula_Amarilla,178.2642954110716
ImagenCedula_0EQG7Fm.jpg,Cedula_Amarilla,12.252759515547396
ImagenCedula_0er1QwK.jpg,Cedula_Amarilla,178.78757191005508
ImagenCedula_0ESIXy9.jpg,Cedula_Amarilla,354.38779677067515
ImagenCedula_0EWMYzF.jpg,Cedula_Amarilla,356.698134325565
ImagenCedula_0EZ8Pku.jpg,Cedula_Amarilla,0.0
ImagenCedula_0F3KPtM.jpg,Cedula_Amarilla,0.0
ImagenCedula_0f96PR9.jpg,Cedula_Amarilla,180.0
ImagenCedula_0fB1MM0.jpg,Cedula_Amarilla,0.0
ImagenCedula_0FbH9s2.jpg,Cedula_Amarilla,180.25578303073925
ImagenCedula_0FcRqrf.jpg,Cedula_Amarilla,183.13966014782025
ImagenCedula_0fg7UqN.jpg,Cedula_Amarilla,3.1934492732832966
ImagenCedula_0fHhtJb.jpg,Cedula_Amarilla,180.0
ImagenCedula_0FkeKwL.jpg,Cedula_Amarilla,359.7430699754965
ImagenCedula_0fkqmHd.jpg,Cedula_Amarilla,2.765761834249503
ImagenCedula_0ForYw3.jpg,Cedula_Amarilla,178.8599359662136
ImagenCedula_0FounZM.jpg,Cedula_Amarilla,0.2569300245035111
ImagenCedula_0FrcCaA.jpg,Cedula_Amarilla,3.152937007775314
ImagenCedula_0fShzmi.jpg,Cedula_Amarilla,180.5430716937238
ImagenCedula_0FtTKBo.jpg,Cedula_Amarilla,177.35745470593528
ImagenCedula_0FVe9P9.jpg,Cedula_Amarilla,0.0
ImagenCedula_0fxKcUg.jpg,Cedula_Amarilla,357.82868820908516
ImagenCedula_0FXvO1L.jpg,Cedula_Amarilla,358.3010470285541
ImagenCedula_0FYfjed.jpg,Cedula_Amarilla,0.0
ImagenCedula_0FyKf7S.jpg,Cedula_Amarilla,0.0
ImagenCedula_0fzAPA3.jpg,Cedula_Amarilla,173.0804667372943
ImagenCedula_0Fzthcy.jpg,Cedula_Amarilla,177.2378716866212
ImagenCedula_0g6WuaM.jpg,Cedula_Amarilla,355.0189180646916
ImagenCedula_0G9jwXk.jpg,Cedula_Amarilla,180.0
ImagenCedula_0GaGA64.jpg,Cedula_Amarilla,0.0
ImagenCedula_0Gbc3eq.jpg,Cedula_Amarilla,359.7698977049028
ImagenCedula_0gC8giR.jpg,Cedula_Amarilla,358.37117505947424
ImagenCedula_0gezThr.jpg,Cedula_Amarilla,190.13425128739567
ImagenCedula_0gF18uO.jpg,Cedula_Amarilla,181.06091169026422
ImagenCedula_0GFPpEG.jpg,Cedula_Amarilla,180.2938219346507
ImagenCedula_0GgrVo6.jpg,Cedula_Amarilla,179.42991155500113
ImagenCedula_0Ggvgjs.jpg,Cedula_Amarilla,0.0
ImagenCedula_0GHy6IV.jpg,Cedula_Amarilla,0.0
ImagenCedula_0GiFROi.jpg,Cedula_Amarilla,0.0
ImagenCedula_0giXDfP.jpg,Cedula_Amarilla,180.51155586658703
ImagenCedula_0GkOlZ0.jpg,Cedula_Amarilla,182.11133062557602
ImagenCedula_0GmVjyb.jpg,Cedula_Amarilla,3.027245182279991
ImagenCedula_0GngHPB.jpg,Cedula_Amarilla,1.80602529760124
ImagenCedula_0GnKB4G.jpg,Cedula_Amarilla,0.0
ImagenCedula_0GpF7Kl.jpg,Cedula_Amarilla,180.0
ImagenCedula_0gWGFMh.jpg,Cedula_Amarilla,0.0
ImagenCedula_0gXWuBu.jpg,Cedula_Amarilla,355.5558938783473
ImagenCedula_0gyqWpx.jpg,Cedula_Amarilla,0.0
ImagenCedula_0h8UU53.jpg,Cedula_Amarilla,357.2072976342867
ImagenCedula_0hBH1Tf.jpg,Cedula_Amarilla,2.457538148177109
ImagenCedula_0HfRqjG.jpg,Cedula_Amarilla,359.6589577211411
ImagenCedula_0Hg6oF5.jpg,Cedula_Amarilla,358.7269699799433
ImagenCedula_0HhbUjW.jpg,Cedula_Amarilla,182.62640563829075
ImagenCedula_0hIBKQN.jpg,Cedula_Amarilla,0.0
ImagenCedula_0HIgFY1.jpg,Cedula_Amarilla,180.0
ImagenCedula_0hkBq1P.jpg,Cedula_Amarilla,8.013251844141568
ImagenCedula_0hleqze.jpg,Cedula_Amarilla,179.44643481411762
ImagenCedula_0Hlw3Mk.jpg,Cedula_Amarilla,180.0
ImagenCedula_0Hrj2ft.jpg,Cedula_Amarilla,0.0
ImagenCedula_0htbJqM.jpg,Cedula_Amarilla,353.48757697071215
ImagenCedula_0HZ84TV.jpg,Cedula_Amarilla,179.44909602078144
ImagenCedula_0I3gzfq.jpg,Cedula_Amarilla,7.441405489743715
ImagenCedula_0I5hJEz.jpg,Cedula_Amarilla,180.0
ImagenCedula_0iBWhZ0.jpg,Cedula_Amarilla,0.0
ImagenCedula_0iCassr.jpg,Cedula_Amarilla,180.0
ImagenCedula_0iF4t1B.jpg,Cedula_Amarilla,355.8295634751579
ImagenCedula_0IHF3t9.jpg,Cedula_Amarilla,180.0
ImagenCedula_0iIsI2W.jpg,Cedula_Amarilla,355.23635830927384
ImagenCedula_0INZAdP.jpg,Cedula_Amarilla,175.99049845856075
ImagenCedula_0IRooj9.jpg,Cedula_Amarilla,180.0
ImagenCedula_0ixmmiX.jpg,Cedula_Amarilla,1.7208148336728648
ImagenCedula_0Ixq1gs.jpg,Cedula_Amarilla,0.8263241397292475
ImagenCedula_0ixROPd.jpg,Cedula_Amarilla,2.5004105643768773
ImagenCedula_0iZnqg1.jpg,Cedula_Amarilla,0.0
ImagenCedula_0j2FDPG.jpg,Cedula_Amarilla,169.6409475119163
ImagenCedula_0j3auYm.jpg,Cedula_Amarilla,0.0
ImagenCedula_0j6C0VT.jpg,Cedula_Amarilla,0.0
ImagenCedula_0jc1XdY.jpg,Cedula_Amarilla,180.0
ImagenCedula_0jG6f0Z.jpg,Cedula_Amarilla,0.0
ImagenCedula_0JLA9pz.jpg,Cedula_Amarilla,0.0
ImagenCedula_0JMk9aP.jpg,Cedula_Amarilla,2.78516642211435
ImagenCedula_0jnyWFO.jpg,Cedula_Amarilla,0.0
ImagenCedula_0jRwDeE.jpg,Cedula_Amarilla,0.0
ImagenCedula_0jVF1Jt.jpg,Cedula_Amarilla,0.0
ImagenCedula_0K1vJLL.jpg,Cedula_Amarilla,0.5430716937237866
ImagenCedula_0K5WXSQ.jpg,Cedula_Amarilla,180.0
ImagenCedula_0k6DkSJ.jpg,Cedula_Amarilla,4.996760664571359
ImagenCedula_0kABGaA.jpg,Cedula_Amarilla,347.5983041832787
ImagenCedula_0kbDaQ1.jpg,Cedula_Amarilla,0.0
ImagenCedula_0KBJIpe.jpg,Cedula_Amarilla,176.60507645788172
ImagenCedula_0kCETFO.jpg,Cedula_Amarilla,180.0
ImagenCedula_0Kewea9.jpg,Cedula_Amarilla,357.16333989887454
ImagenCedula_0KfiEbI.jpg,Cedula_Amarilla,185.55723220955082
ImagenCedula_0KHq0XH.jpg,Cedula_Amarilla,0.0
ImagenCedula_0kkkfOK.jpg,Cedula_Amarilla,0.0
ImagenCedula_0kMJk7t.jpg,Cedula_Amarilla,180.0
ImagenCedula_0kOHE9U.jpg,Cedula_Amarilla,181.57655005518373
ImagenCedula_0KThTpJ.jpg,Cedula_Amarilla,180.0
ImagenCedula_0KXZAa7.jpg,Cedula_Amarilla,180.0
ImagenCedula_0kzxT1w.jpg,Cedula_Amarilla,3.8140748342903534
ImagenCedula_0L3VHva.jpg,Cedula_Amarilla,0.0
ImagenCedula_0l90ccM.jpg,Cedula_Amarilla,0.0
ImagenCedula_0L9I42r.jpg,Cedula_Amarilla,0.0
ImagenCedula_0lGwYxw.jpg,Cedula_Amarilla,358.65527561129767
ImagenCedula_0Lhy1Vh.jpg,Cedula_Amarilla,180.52085637450196
ImagenCedula_0LoNvAQ.jpg,Cedula_Amarilla,178.12650698640007
ImagenCedula_0lXSx6Z.jpg,Cedula_Amarilla,0.0
ImagenCedula_0Lz3rDI.jpg,Cedula_Amarilla,0.0
ImagenCedula_0M7HsIi.jpg,Cedula_Amarilla,0.0
ImagenCedula_0mC6QOs.jpg,Cedula_Amarilla,0.0
ImagenCedula_0mEKypX.jpg,Cedula_Amarilla,0.0
ImagenCedula_0miEoI1.jpg,Cedula_Amarilla,183.92830722539767
ImagenCedula_0ml3BKx.jpg,Cedula_Amarilla,176.8778695378843
ImagenCedula_0MltcSI.jpg,Cedula_Amarilla,170.35736122123075
ImagenCedula_0MMwfLZ.jpg,Cedula_Amarilla,0.0
ImagenCedula_0mn3T7R.jpg,Cedula_Amarilla,0.0
ImagenCedula_0mNiO0E.jpg,Cedula_Amarilla,357.23423816575047
ImagenCedula_0Mq8OG8.jpg,Cedula_Amarilla,352.9087267446724
ImagenCedula_0mQ8x97.jpg,Cedula_Amarilla,180.0
ImagenCedula_0mQIE4E.jpg,Cedula_Amarilla,354.83017211244214
ImagenCedula_0mr57yT.jpg,Cedula_Amarilla,0.0
ImagenCedula_0MRyKJs.jpg,Cedula_Amarilla,353.95943481710276
ImagenCedula_0Mw7fOX.jpg,Cedula_Amarilla,173.80358657089567
ImagenCedula_0MwbzBq.jpg,Cedula_Amarilla,355.08343399398996
ImagenCedula_0my9Brn.jpg,Cedula_Amarilla,356.23948929424307
ImagenCedula_0MzKOU3.jpg,Cedula_Amarilla,0.0
ImagenCedula_0n2qfDh.jpg,Cedula_Amarilla,356.5834118082287
ImagenCedula_0n6ELA5.jpg,Cedula_Amarilla,7.516441716269494
ImagenCedula_0N8Mw9R.jpg,Cedula_Amarilla,0.0
ImagenCedula_0NdNcIU.jpg,Cedula_Amarilla,180.27678905217775
ImagenCedula_0NEfA3z.jpg,Cedula_Amarilla,5.572197803963795
ImagenCedula_0njbS9W.jpg,Cedula_Amarilla,179.09540496626732
ImagenCedula_0nlgbzX.jpg,Cedula_Amarilla,0.0
ImagenCedula_0nMnceu.jpg,Cedula_Amarilla,180.0
ImagenCedula_0nO1r8K.jpg,Cedula_Amarilla,183.46822925891715
ImagenCedula_0nOxmOH.jpg,Cedula_Amarilla,0.0
ImagenCedula_0NV4DOh.jpg,Cedula_Amarilla,0.0
ImagenCedula_0NVgEkU.jpg,Cedula_Amarilla,183.95317950179725
ImagenCedula_0NVGj3x.jpg,Cedula_Amarilla,2.036325454798276
ImagenCedula_0nzq9Gs.jpg,Cedula_Amarilla,179.21874233839137
ImagenCedula_0nzrfAf.jpg,Cedula_Amarilla,180.7673083150897
ImagenCedula_0nzy7Io.jpg,Cedula_Amarilla,358.44484049493286
ImagenCedula_0o6pSfS.jpg,Cedula_Amarilla,2.3320236816230584
ImagenCedula_0o8rC4l.jpg,Cedula_Amarilla,0.0
ImagenCedula_0O9Dz39.jpg,Cedula_Amarilla,1.6233325250904709
ImagenCedula_0OAvYC0.jpg,Cedula_Amarilla,355.4860115419987
ImagenCedula_0Odmyxr.jpg,Cedula_Amarilla,185.03508467945667
ImagenCedula_0oichhk.jpg,Cedula_Amarilla,2.0920662794801457
ImagenCedula_0oLpruC.jpg,Cedula_Amarilla,180.25925515150138
ImagenCedula_0oOdkR8.jpg,Cedula_Amarilla,183.08765128498507
ImagenCedula_0OoE5SB.jpg,Cedula_Amarilla,181.06091169026422
ImagenCedula_0OOuW68.jpg,Cedula_Amarilla,2.260501911141272
ImagenCedula_0oPrM9L.jpg,Cedula_Amarilla,180.0
ImagenCedula_0oqDTgF.jpg,Cedula_Amarilla,180.0
ImagenCedula_0osCVXO.jpg,Cedula_Amarilla,9.586160155344285
ImagenCedula_0OtQhMm.jpg,Cedula_Amarilla,0.0
ImagenCedula_0oyQrDZ.jpg,Cedula_Amarilla,357.55295135767636
ImagenCedula_0p7kOYY.jpg,Cedula_Amarilla,0.0
ImagenCedula_0PAMavC.jpg,Cedula_Amarilla,183.77819770716158
ImagenCedula_0phOokz.jpg,Cedula_Amarilla,182.9482507219327
ImagenCedula_0pIQDq4.jpg,Cedula_Amarilla,0.0
ImagenCedula_0PirjJ6.jpg,Cedula_Amarilla,352.17997400263573
ImagenCedula_0PiSBjb.jpg,Cedula_Amarilla,174.04754056203248
ImagenCedula_0PlNUgy.jpg,Cedula_Amarilla,351.58234282298685
ImagenCedula_0PNB55o.jpg,Cedula_Amarilla,174.0625839005185
ImagenCedula_0PNHXBB.jpg,Cedula_Amarilla,177.08467788335747
ImagenCedula_0ppy5UI.jpg,Cedula_Amarilla,169.26110289909457
ImagenCedula_0PtbP5x.jpg,Cedula_Amarilla,359.774427230366
ImagenCedula_0PZSzg7.jpg,Cedula_Amarilla,177.8983456723287
ImagenCedula_0q2QFve.jpg,Cedula_Amarilla,5.815626529491238
ImagenCedula_0qCwvV7.jpg,Cedula_Amarilla,178.5436413656603
ImagenCedula_0QfkE8B.jpg,Cedula_Amarilla,2.009553813021139
ImagenCedula_0qK9cTs.jpg,Cedula_Amarilla,0.0
ImagenCedula_0QKQsrg.jpg,Cedula_Amarilla,0.0
ImagenCedula_0QLz7tJ.jpg,Cedula_Amarilla,167.30733445488212
ImagenCedula_0qroeqF.jpg,Cedula_Amarilla,183.69138598645128
ImagenCedula_0QsmqjY.jpg,Cedula_Amarilla,176.93771291459996
ImagenCedula_0qtUMkj.jpg,Cedula_Amarilla,176.2359651350943
ImagenCedula_0QUvqnQ.jpg,Cedula_Amarilla,181.23463170540413
ImagenCedula_0qv9uA7.jpg,Cedula_Amarilla,358.0748162916768
ImagenCedula_0QZkJWc.jpg,Cedula_Amarilla,2.2120420020483533
ImagenCedula_0r04fSB.jpg,Cedula_Amarilla,350.6991020846261
ImagenCedula_0R2pR1k.jpg,Cedula_Amarilla,356.6335393365702
ImagenCedula_0rC1J0m.jpg,Cedula_Amarilla,178.30104702855405
ImagenCedula_0RCAm3e.jpg,Cedula_Amarilla,4.295840511271507
ImagenCedula_0rJId3R.jpg,Cedula_Amarilla,356.3422333610256
ImagenCedula_0RK2vEV.jpg,Cedula_Amarilla,180.0
ImagenCedula_0RLpFAO.jpg,Cedula_Amarilla,180.0
ImagenCedula_0rlwtFY.jpg,Cedula_Amarilla,0.0
ImagenCedula_0rM3pCL.jpg,Cedula_Amarilla,180.0
ImagenCedula_0rNbBsB.jpg,Cedula_Amarilla,344.20236851554677
ImagenCedula_0Rq5HTd.jpg,Cedula_Amarilla,0.0
ImagenCedula_0RRNVOW.jpg,Cedula_Amarilla,190.58732131823714
ImagenCedula_0rRtucm.jpg,Cedula_Amarilla,180.0
ImagenCedula_0RtXUDS.jpg,Cedula_Amarilla,0.0
ImagenCedula_0rVKQbS.jpg,Cedula_Amarilla,352.75130164242614
ImagenCedula_0rw97fV.jpg,Cedula_Amarilla,0.0
ImagenCedula_0rYgXIP.jpg,Cedula_Amarilla,0.0
ImagenCedula_0RyviJW.jpg,Cedula_Amarilla,0.0
ImagenCedula_0rYynRy.jpg,Cedula_Amarilla,182.1475854282985
ImagenCedula_0S349b1.jpg,Cedula_Amarilla,0.0
ImagenCedula_0s5dllF.jpg,Cedula_Amarilla,0.0
ImagenCedula_0sClkI9.jpg,Cedula_Amarilla,349.27370553387476
ImagenCedula_0SEh59J.jpg,Cedula_Amarilla,178.39399701071775
ImagenCedula_0sfKl0r.jpg,Cedula_Amarilla,1.5140733606351122
ImagenCedula_0SINX9K.jpg,Cedula_Amarilla,181.28444352180077
ImagenCedula_0siwWf5.jpg,Cedula_Amarilla,180.0
ImagenCedula_0sjVNBM.jpg,Cedula_Amarilla,183.27048792318357
ImagenCedula_0sLeiMU.jpg,Cedula_Amarilla,0.0
ImagenCedula_0sLSV2c.jpg,Cedula_Amarilla,5.545317308862041
ImagenCedula_0sNCD9y.jpg,Cedula_Amarilla,180.0
ImagenCedula_0sqZ4C7.jpg,Cedula_Amarilla,0.0
ImagenCedula_0SsamXA.jpg,Cedula_Amarilla,0.0
ImagenCedula_0StpIe5.jpg,Cedula_Amarilla,0.0
ImagenCedula_0SwdXil.jpg,Cedula_Amarilla,173.93336692639488
ImagenCedula_0SwHgSJ.jpg,Cedula_Amarilla,177.18862640547346
ImagenCedula_0sYLM8n.jpg,Cedula_Amarilla,179.50178838738637
ImagenCedula_0SYNIyh.jpg,Cedula_Amarilla,8.841814560191672
ImagenCedula_0SYqOwt.jpg,Cedula_Amarilla,177.2499148250876
ImagenCedula_0szfmAR.jpg,Cedula_Amarilla,180.50258166672103
ImagenCedula_0t3G2ha.jpg,Cedula_Amarilla,181.55515950506717
ImagenCedula_0T6Uzvl.jpg,Cedula_Amarilla,179.25270612317394
ImagenCedula_0T9fAvY.jpg,Cedula_Amarilla,351.5642324866485
ImagenCedula_0TeaqON.jpg,Cedula_Amarilla,0.0
ImagenCedula_0tF19KE.jpg,Cedula_Amarilla,0.0
ImagenCedula_0TFNGr8.jpg,Cedula_Amarilla,180.0
ImagenCedula_0THIHTe.jpg,Cedula_Amarilla,0.0
ImagenCedula_0ThSRF8.jpg,Cedula_Amarilla,10.51004336926862
ImagenCedula_0TJbG6f.jpg,Cedula_Amarilla,0.0
ImagenCedula_0tJhB5t.jpg,Cedula_Amarilla,359.762259540707
ImagenCedula_0tjhBVv.jpg,Cedula_Amarilla,0.0
ImagenCedula_0TNdRqr.jpg,Cedula_Amarilla,0.0
ImagenCedula_0tNIOEX.jpg,Cedula_Amarilla,0.0
ImagenCedula_0TnJJQh.jpg,Cedula_Amarilla,187.32640666016954
ImagenCedula_0tnVjsA.jpg,Cedula_Amarilla,358.42344994481624
ImagenCedula_0tPZPR8.jpg,Cedula_Amarilla,0.0
ImagenCedula_0u7kovr.jpg,Cedula_Amarilla,0.0
ImagenCedula_0ujD9N6.jpg,Cedula_Amarilla,0.0
ImagenCedula_0uKPuO4.jpg,Cedula_Amarilla,188.76628016183838
ImagenCedula_0UrlNuS.jpg,Cedula_Amarilla,180.0
ImagenCedula_0uRmrLe.jpg,Cedula_Amarilla,0.0
ImagenCedula_0UsjeGP.jpg,Cedula_Amarilla,0.0
ImagenCedula_0uXZTLC.jpg,Cedula_Amarilla,174.1890201417214
ImagenCedula_0uyRH6G.jpg,Cedula_Amarilla,184.03492751613095
ImagenCedula_0V5IgyR.jpg,Cedula_Amarilla,180.0
ImagenCedula_0VcWsaL.jpg,Cedula_Amarilla,0.0
ImagenCedula_0VF1K97.jpg,Cedula_Amarilla,181.706178294447
ImagenCedula_0VfBAh8.jpg,Cedula_Amarilla,180.0
ImagenCedula_0vhsbtN.jpg,Cedula_Amarilla,180.0
ImagenCedula_0Vj10BC.jpg,Cedula_Amarilla,180.0
ImagenCedula_0vLGV99.jpg,Cedula_Amarilla,0.0
ImagenCedula_0VoEqfZ.jpg,Cedula_Amarilla,180.0
ImagenCedula_0vtJk88.jpg,Cedula_Amarilla,0.0
ImagenCedula_0VXKlgG.jpg,Cedula_Amarilla,0.0
ImagenCedula_0w992FJ.jpg,Cedula_Amarilla,357.05747954363136
ImagenCedula_0W9pq39.jpg,Cedula_Amarilla,0.0
ImagenCedula_0wHjQZd.jpg,Cedula_Amarilla,180.0
ImagenCedula_0wOF4Sp.jpg,Cedula_Amarilla,180.0
ImagenCedula_0wTNaK0.jpg,Cedula_Amarilla,0.0
ImagenCedula_0wW0NVF.jpg,Cedula_Amarilla,186.6502003166592
ImagenCedula_0XADgYG.jpg,Cedula_Amarilla,180.0
ImagenCedula_0Xb1RYX.jpg,Cedula_Amarilla,182.23117460803124
ImagenCedula_0XhLP5n.jpg,Cedula_Amarilla,185.40379136024973
ImagenCedula_0xIhEqD.jpg,Cedula_Amarilla,0.0
ImagenCedula_0XprIXw.jpg,Cedula_Amarilla,191.6047623563788
ImagenCedula_0xYmg4J.jpg,Cedula_Amarilla,0.0
ImagenCedula_0y076QB.jpg,Cedula_Amarilla,0.0
ImagenCedula_0YcI1a2.jpg,Cedula_Amarilla,178.0098277502451
ImagenCedula_0YHjOkx.jpg,Cedula_Amarilla,5.429158907217128
ImagenCedula_0YHYbQK.jpg,Cedula_Amarilla,9.385518260043067
ImagenCedula_0YLCJFw.jpg,Cedula_Amarilla,-0.0
ImagenCedula_0YM0XKo.jpg,Cedula_Amarilla,356.60698893091126
ImagenCedula_0YokaCT.jpg,Cedula_Amarilla,0.0
ImagenCedula_0YzYBiH.jpg,Cedula_Amarilla,184.2779375553471
ImagenCedula_0ZcHTSj.jpg,Cedula_Amarilla,356.9749880924363
ImagenCedula_0zdA3Ha.jpg,Cedula_Amarilla,2.657390682905489
ImagenCedula_0ZDNVR5.jpg,Cedula_Amarilla,0.0
ImagenCedula_0Zjw74j.jpg,Cedula_Amarilla,0.0
ImagenCedula_0ZUIOB1.jpg,Cedula_Amarilla,0.0
ImagenCedula_1A8DDY7.jpg,Cedula_Amarilla,0.0
ImagenCedula_1AxCLPB.jpg,Cedula_Amarilla,0.0
ImagenCedula_1bodp7Y.jpg,Cedula_Amarilla,351.2699637655901
ImagenCedula_1CoARGQ.jpg,Cedula_Amarilla,2.1124112702291
ImagenCedula_1cZ5sIm.jpg,Cedula_Amarilla,354.2041136177081
ImagenCedula_1ektoaB.jpg,Cedula_Amarilla,358.38969939750103
ImagenCedula_1EQgxgL.jpg,Cedula_Amarilla,2.560300893908658
ImagenCedula_1FbQ7pr.jpg,Cedula_Amarilla,0.0
ImagenCedula_1FbVd7b.jpg,Cedula_Amarilla,5.110417561031226
ImagenCedula_1gAB8f9.jpg,Cedula_Amarilla,2.053550563510988
ImagenCedula_1GEqQYC.jpg,Cedula_Amarilla,354.99086042679266
ImagenCedula_1h6dCzR.jpg,Cedula_Amarilla,8.36588612403259
ImagenCedula_1h9YFJl.jpg,Cedula_Amarilla,353.8170698340517
ImagenCedula_1hPidcR.jpg,Cedula_Amarilla,3.54476645559488
ImagenCedula_1IC1k3k.jpg,Cedula_Amarilla,0.0
ImagenCedula_1j5ONsd.jpg,Cedula_Amarilla,0.0
ImagenCedula_1jdAsEU.jpg,Cedula_Amarilla,11.220686783715252
ImagenCedula_1jeDY0E.jpg,Cedula_Amarilla,353.8677775023207
09ae1172-ImagenCedula_664.jpg,Cedula_Celeste,0.0
1630c6d8-ImagenCedula_117.jpg,Cedula_Celeste,270.67449952082967
19056f39-ImagenCedula_547.jpg,Cedula_Celeste,180.0
1dcbddb8-ImagenCedula_351.jpg,Cedula_Celeste,351.8321533960252
23a286b6-ImagenCedula_554.jpg,Cedula_Celeste,280.7842978675626
2a8a9add-ImagenCedula_929.jpg,Cedula_Celeste,270.22207555269347
2b2c959e-ImagenCedula_781.jpg,Cedula_Celeste,358.36633862575206
2bba450e-ImagenCedula_637.jpg,Cedula_Celeste,357.80942613596176
2c28a35d-ImagenCedula_1.jpg,Cedula_Celeste,353.35928582671784
2c75619d-ImagenCedula_346.jpg,Cedula_Celeste,184.52095789958142
2e25add5-ImagenCedula_267.jpg,Cedula_Celeste,177.75425743410491
2f4fe17c-ImagenCedula_130.jpg,Cedula_Celeste,0.0
2f5795a9-ImagenCedula_1080.jpg,Cedula_Celeste,0.0
3ab647e0-ImagenCedula_690.jpg,Cedula_Celeste,349.630800380257
3adb28fc-ImagenCedula_808.jpg,Cedula_Celeste,0.0
3f4e34a9-ImagenCedula_315.jpg,Cedula_Celeste,174.94522372389608
4c40f4ab-ImagenCedula_765.jpg,Cedula_Celeste,357.1553443952266
526d37fe-ImagenCedula_89.jpg,Cedula_Celeste,182.6813143176755
6aac82df-ImagenCedula_6.jpg,Cedula_Celeste,3.8211300958620193
6beae1c2-ImagenCedula_216.jpg,Cedula_Celeste,355.1409007864106
7dbcdbba-ImagenCedula_694.jpg,Cedula_Celeste,181.3270779908741
7f0899ca-ImagenCedula_886.jpg,Cedula_Celeste,356.4453090856094
8059f6e3-ImagenCedula_910.jpg,Cedula_Celeste,179.9012364646144
8a5f80c9-ImagenCedula_440.jpg,Cedula_Celeste,-0.0
8aba4c74-ImagenCedula_118.jpg,Cedula_Celeste,0.7098228981901807
8bbbb989-ImagenCedula_111.jpg,Cedula_Celeste,350.5077990696357
8cab663e-ImagenCedula_751.jpg,Cedula_Celeste,1.114563272484713
8cbc4185-ImagenCedula_394.jpg,Cedula_Celeste,355.36646066342985
8d83455c-ImagenCedula_1025.jpg,Cedula_Celeste,357.3531919537797
8fa24e36-ImagenCedula_1045.jpg,Cedula_Celeste,356.9108378261677
907db5b3-ImagenCedula_157.jpg,Cedula_Celeste,4.5548242588538255
974e6c72-ImagenCedula_82.jpg,Cedula_Celeste,355.5976934716829
9d7a5238-ImagenCedula_54.jpg,Cedula_Celeste,181.40288153265146
b41b09f9-ImagenCedula_174.jpg,Cedula_Celeste,270.0
b83ecea7-ImagenCedula_926.jpg,Cedula_Celeste,180.0
b94d5545-ImagenCedula_415.jpg,Cedula_Celeste,357.2758643400897
c1fef67f-ImagenCedula_724.jpg,Cedula_Celeste,271.1123996162978
cb38dd7c-ImagenCedula_918.jpg,Cedula_Celeste,179.100812715524
cc9842da-ImagenCedula_364.jpg,Cedula_Celeste,358.52085637450193
ImagenCedula_00eJ9Nh.jpg,Cedula_Celeste,356.4895529219992
ImagenCedula_00raEoY.jpg,Cedula_Celeste,358.92778577446165
ImagenCedula_00TUcH0.jpg,Cedula_Celeste,0.0
ImagenCedula_019DcQD.jpg,Cedula_Celeste,357.52752544221295
ImagenCedula_01cJaQY.jpg,Cedula_Celeste,0.0
ImagenCedula_01EkWDg.jpg,Cedula_Celeste,0.0
ImagenCedula_01FiJ1M.jpg,Cedula_Celeste,0.0
ImagenCedula_01jNKjB.jpg,Cedula_Celeste,180.23010229509725
ImagenCedula_01K0ABD.jpg,Cedula_Celeste,271.1233027140754
ImagenCedula_01kFHHD.jpg,Cedula_Celeste,356.6799739401079
ImagenCedula_01NYeSo.jpg,Cedula_Celeste,351.7651660184253
ImagenCedula_01p1qyS.jpg,Cedula_Celeste,179.48786752882776
ImagenCedula_0215Zwk.jpg,Cedula_Celeste,0.0
ImagenCedula_022rzNH.jpg,Cedula_Celeste,0.0
ImagenCedula_0249OtP.jpg,Cedula_Celeste,179.22933448647788
ImagenCedula_02Enfjc.jpg,Cedula_Celeste,172.99061574337875
ImagenCedula_02GZeEp.jpg,Cedula_Celeste,0.0
ImagenCedula_02JKZGi.jpg,Cedula_Celeste,0.0
ImagenCedula_02sLwSe.jpg,Cedula_Celeste,187.66680426181418
ImagenCedula_04Lc6K3.jpg,Cedula_Celeste,180.0
ImagenCedula_05AGJd2.jpg,Cedula_Celeste,180.0
ImagenCedula_05aRP5d.jpg,Cedula_Celeste,1.9091524329963765
ImagenCedula_05ly2EG.jpg,Cedula_Celeste,357.83914082340834
ImagenCedula_05mt4eP.jpg,Cedula_Celeste,349.9638041899072
ImagenCedula_06HIeui.jpg,Cedula_Celeste,0.0
ImagenCedula_06Ly0LF.jpg,Cedula_Celeste,0.0
ImagenCedula_06P5Qsx.jpg,Cedula_Celeste,3.152937007775314
ImagenCedula_06pNELM.jpg,Cedula_Celeste,2.602562202499806
ImagenCedula_07eHqWG.jpg,Cedula_Celeste,353.1944289077348
ImagenCedula_07kKzcr.jpg,Cedula_Celeste,189.121025994532
ImagenCedula_07MK851.jpg,Cedula_Celeste,184.53379114598457
ImagenCedula_07VtcZ6.jpg,Cedula_Celeste,0.0
ImagenCedula_08PVno8.jpg,Cedula_Celeste,1.23997476631269
9c238b0d-ImagenCedula_787.jpg,Cedula_Celeste,356.94130242590415
ImagenCedula_08s2vri.jpg,Cedula_Celeste,1.4814571708870743
ImagenCedula_08Yh050.jpg,Cedula_Celeste,2.045408488887228
ImagenCedula_09LN9DD.jpg,Cedula_Celeste,1.5911402711945872
ImagenCedula_0AEnzWT.jpg,Cedula_Celeste,357.69917498519067
ImagenCedula_0aieNAB.jpg,Cedula_Celeste,356.9606004310731
ImagenCedula_0aqasKK.jpg,Cedula_Celeste,353.9647176033877
ImagenCedula_0AqAV2n.jpg,Cedula_Celeste,355.73583665084726
ImagenCedula_0AS3gtc.jpg,Cedula_Celeste,3.751729070525976
ImagenCedula_0biSFK5.jpg,Cedula_Celeste,10.064568207251869
ImagenCedula_0bsSdUm.jpg,Cedula_Celeste,359.3097228021349
ImagenCedula_0BsvtxD.jpg,Cedula_Celeste,358.17445769267016
ImagenCedula_0BUE0w6.jpg,Cedula_Celeste,359.1574757392596
ImagenCedula_0BW1rHp.jpg,Cedula_Celeste,0.0
ImagenCedula_0bzrGeY.jpg,Cedula_Celeste,180.0
ImagenCedula_0C5TeDe.jpg,Cedula_Celeste,0.0
ImagenCedula_0cdqNVw.jpg,Cedula_Celeste,180.0
ImagenCedula_0CdTMGF.jpg,Cedula_Celeste,358.82607045560735
ImagenCedula_0crvlBO.jpg,Cedula_Celeste,180.0
ImagenCedula_0CzmdVL.jpg,Cedula_Celeste,0.7221774615448104
ImagenCedula_0D2BF9o.jpg,Cedula_Celeste,351.0148002495773
ImagenCedula_0D4dSea.jpg,Cedula_Celeste,180.0
ImagenCedula_0DF2CuQ.jpg,Cedula_Celeste,185.75826016436676
ImagenCedula_0DJTNOf.jpg,Cedula_Celeste,0.4876118829249173
ImagenCedula_0dnLxMz.jpg,Cedula_Celeste,357.2736890060937
ImagenCedula_0dSPGhA.jpg,Cedula_Celeste,175.96507248386905
ImagenCedula_0dupQqR.jpg,Cedula_Celeste,358.43064519525103
ImagenCedula_0Dw8dGx.jpg,Cedula_Celeste,358.19397470239875
ImagenCedula_0DySQBx.jpg,Cedula_Celeste,354.33629374197943
ImagenCedula_0e1C7eY.jpg,Cedula_Celeste,355.93248043341987
ImagenCedula_0E25bog.jpg,Cedula_Celeste,0.0
ImagenCedula_0eN76oo.jpg,Cedula_Celeste,180.0
ImagenCedula_0EUorvU.jpg,Cedula_Celeste,0.0
ImagenCedula_0ew6qA8.jpg,Cedula_Celeste,0.0
ImagenCedula_0eWY3j9.jpg,Cedula_Celeste,180.0
ImagenCedula_0ex2K53.jpg,Cedula_Celeste,356.0627748351759
ImagenCedula_0eXxkkn.jpg,Cedula_Celeste,357.21346643050674
ImagenCedula_0FBzjGT.jpg,Cedula_Celeste,0.0
ImagenCedula_0FCaouh.jpg,Cedula_Celeste,349.7860270149295
ImagenCedula_0FDYvM9.jpg,Cedula_Celeste,180.74729387682603
ImagenCedula_0FHEOOa.jpg,Cedula_Celeste,5.8809709091311815
ImagenCedula_0foRDnt.jpg,Cedula_Celeste,181.72822765049855
ImagenCedula_0FzcWBj.jpg,Cedula_Celeste,359.2868113649824
ImagenCedula_0FZKydS.jpg,Cedula_Celeste,0.0
ImagenCedula_0G1nuaI.jpg,Cedula_Celeste,356.0716927746023
ImagenCedula_0g2FgVK.jpg,Cedula_Celeste,0.0
ImagenCedula_0GCOQo5.jpg,Cedula_Celeste,163.44292862436336
ImagenCedula_0gSm0FY.jpg,Cedula_Celeste,180.0
ImagenCedula_0gvNqKW.jpg,Cedula_Celeste,356.1171014396363
ImagenCedula_0gwVItk.jpg,Cedula_Celeste,1.606002989282249
ImagenCedula_0GzTKgo.jpg,Cedula_Celeste,2.823960289242356
ImagenCedula_0h6wGNW.jpg,Cedula_Celeste,173.92754359279232
ImagenCedula_0hAUWqz.jpg,Cedula_Celeste,177.46644111160543
ImagenCedula_0hfuklH.jpg,Cedula_Celeste,355.6384273549794
ImagenCedula_0hgP33K.jpg,Cedula_Celeste,182.12109639666144
ImagenCedula_0HhEVEo.jpg,Cedula_Celeste,357.12454631601474
ImagenCedula_0HJXsrh.jpg,Cedula_Celeste,179.76989770490275
ImagenCedula_0HQBunn.jpg,Cedula_Celeste,179.3124836453609
ImagenCedula_0HTpUHl.jpg,Cedula_Celeste,180.22381050036853
ImagenCedula_0hUC4Tb.jpg,Cedula_Celeste,179.49961290120777
ImagenCedula_0HUmg6Z.jpg,Cedula_Celeste,0.2628228332365214
ImagenCedula_0hVJdi6.jpg,Cedula_Celeste,359.0411643387505
ImagenCedula_0HzcAEf.jpg,Cedula_Celeste,357.96367454520174
ImagenCedula_0i7gOc1.jpg,Cedula_Celeste,359.7708181042459
ImagenCedula_0iBUmAp.jpg,Cedula_Celeste,0.0
ImagenCedula_0iDEclp.jpg,Cedula_Celeste,179.0206803456605
ImagenCedula_0Im5oRJ.jpg,Cedula_Celeste,356.84706299222466
ImagenCedula_0iOCdY7.jpg,Cedula_Celeste,355.3852334221116
ImagenCedula_0itedDb.jpg,Cedula_Celeste,359.5416435419996
ImagenCedula_0iUmk9Y.jpg,Cedula_Celeste,179.12864848232164
ImagenCedula_0Je1fxO.jpg,Cedula_Celeste,172.32877851673803
ImagenCedula_0jfm1RC.jpg,Cedula_Celeste,173.68763524535194
ImagenCedula_0jMVSkD.jpg,Cedula_Celeste,353.7821826504788
ImagenCedula_0jtNWqv.jpg,Cedula_Celeste,359.34893961977053
ImagenCedula_0Jzt70w.jpg,Cedula_Celeste,355.8624064158559
ImagenCedula_0k27FAa.jpg,Cedula_Celeste,181.35319195377969
ImagenCedula_0K6RYhd.jpg,Cedula_Celeste,349.3662255078879
ImagenCedula_0KG6XBs.jpg,Cedula_Celeste,270.9495668564358
ImagenCedula_0kKrdKR.jpg,Cedula_Celeste,183.8785245028477
ImagenCedula_0KLtJEI.jpg,Cedula_Celeste,1.159675208483569
ImagenCedula_0ko3IEg.jpg,Cedula_Celeste,189.10913352027745
ImagenCedula_0KQLzIP.jpg,Cedula_Celeste,0.467710260038513
ImagenCedula_0kVr9nv.jpg,Cedula_Celeste,0.0
ImagenCedula_0KxFOse.jpg,Cedula_Celeste,0.0
ImagenCedula_0l5AgUr.jpg,Cedula_Celeste,0.0
ImagenCedula_0l5prAJ.jpg,Cedula_Celeste,354.8460914387722
ImagenCedula_0lA3I5y.jpg,Cedula_Celeste,176.86033985217975
ImagenCedula_0LGVckW.jpg,Cedula_Celeste,178.43064519525103
ImagenCedula_0Lj9Aeb.jpg,Cedula_Celeste,172.27338238090277
ImagenCedula_0lJsUmR.jpg,Cedula_Celeste,93.53718332408316
ImagenCedula_0lKiKEH.jpg,Cedula_Celeste,357.87890360333853
ImagenCedula_0LMvO8n.jpg,Cedula_Celeste,359.5659493678606
ImagenCedula_0LwVDQI.jpg,Cedula_Celeste,184.7636416907262
ImagenCedula_0LxCjaz.jpg,Cedula_Celeste,0.0
ImagenCedula_0lXuxRC.jpg,Cedula_Celeste,183.95317950179725
ImagenCedula_0me7etP.jpg,Cedula_Celeste,358.6521127198014
ImagenCedula_0MGhCRl.jpg,Cedula_Celeste,8.056834133846554
ImagenCedula_0MlYWBs.jpg,Cedula_Celeste,3.846030090047376
ImagenCedula_0mNXTtt.jpg,Cedula_Celeste,179.30693969728875
ImagenCedula_0mqDmPC.jpg,Cedula_Celeste,169.0026680536784
ImagenCedula_0N83jfC.jpg,Cedula_Celeste,186.00900595749454
ImagenCedula_0NcIgGH.jpg,Cedula_Celeste,2.009553813021139
ImagenCedula_0nlECXz.jpg,Cedula_Celeste,188.72727769517277
ImagenCedula_0nQ639g.jpg,Cedula_Celeste,183.01278750418334
ImagenCedula_0nvyF4B.jpg,Cedula_Celeste,0.0
ImagenCedula_0nweV9H.jpg,Cedula_Celeste,180.0
ImagenCedula_0NyxbXX.jpg,Cedula_Celeste,191.5346206536447
ImagenCedula_0o05jQW.jpg,Cedula_Celeste,0.0
ImagenCedula_0O843gO.jpg,Cedula_Celeste,180.0
ImagenCedula_0oAxFRo.jpg,Cedula_Celeste,0.0
ImagenCedula_0oFg8Hq.jpg,Cedula_Celeste,358.0502583278931
ImagenCedula_0OJKvqr.jpg,Cedula_Celeste,0.0
ImagenCedula_0OK7ntq.jpg,Cedula_Celeste,0.0
ImagenCedula_0olUu85.jpg,Cedula_Celeste,356.7223240478097
ImagenCedula_0oMFNzi.jpg,Cedula_Celeste,3.517854395801778
ImagenCedula_0OYP1qR.jpg,Cedula_Celeste,0.0
ImagenCedula_0oySODq.jpg,Cedula_Celeste,175.48601154199872
ImagenCedula_0p4lJ0k.jpg,Cedula_Celeste,182.86240522611175
ImagenCedula_0P5z5qG.jpg,Cedula_Celeste,0.0
ImagenCedula_0PHZLJQ.jpg,Cedula_Celeste,0.0
ImagenCedula_0PJ1D5Y.jpg,Cedula_Celeste,0.0
ImagenCedula_0PlCRhr.jpg,Cedula_Celeste,192.3119618077463
ImagenCedula_0pqwp9E.jpg,Cedula_Celeste,353.2901631922431
ImagenCedula_0PQZxO1.jpg,Cedula_Celeste,1.3531919537796904
ImagenCedula_0pVEeBE.jpg,Cedula_Celeste,1.507435758774968
ImagenCedula_0PYoHQj.jpg,Cedula_Celeste,1.8702180957484595
ImagenCedula_0q5OCHv.jpg,Cedula_Celeste,0.0
ImagenCedula_0QE6ULN.jpg,Cedula_Celeste,173.36748538486154
ImagenCedula_0qg4fiL.jpg,Cedula_Celeste,182.61334627530923
ImagenCedula_0qjEeKS.jpg,Cedula_Celeste,0.0
ImagenCedula_0QRi79j.jpg,Cedula_Celeste,179.10830889247814
ImagenCedula_0rGc6vm.jpg,Cedula_Celeste,178.21803940967337
ImagenCedula_0rGvYpx.jpg,Cedula_Celeste,3.54476645559488
ImagenCedula_0RLiNOg.jpg,Cedula_Celeste,0.0
ImagenCedula_0rmhJOQ.jpg,Cedula_Celeste,180.0
ImagenCedula_0RsW5BR.jpg,Cedula_Celeste,10.40224676510433
ImagenCedula_0RWuVkh.jpg,Cedula_Celeste,266.9151876695024
ImagenCedula_0s25USK.jpg,Cedula_Celeste,0.2754583561352399
ImagenCedula_0SBLuKf.jpg,Cedula_Celeste,0.0
ImagenCedula_0SEptC5.jpg,Cedula_Celeste,0.0
ImagenCedula_0SoLMVL.jpg,Cedula_Celeste,0.0
ImagenCedula_0srFl8o.jpg,Cedula_Celeste,4.84400037508068
ImagenCedula_0sz34vO.jpg,Cedula_Celeste,1.6568539475224957
ImagenCedula_0T3018b.jpg,Cedula_Celeste,356.0716927746023
ImagenCedula_0T5yarh.jpg,Cedula_Celeste,355.15599962491933
ImagenCedula_0tApzht.jpg,Cedula_Celeste,167.19573393471325
ImagenCedula_0TbIHrY.jpg,Cedula_Celeste,181.6776394661535
ImagenCedula_0uaJNSx.jpg,Cedula_Celeste,184.0183089935941
ImagenCedula_0uBgSQP.jpg,Cedula_Celeste,0.0
ImagenCedula_0UH6pOH.jpg,Cedula_Celeste,180.0
ImagenCedula_0UhiAAB.jpg,Cedula_Celeste,180.0
ImagenCedula_0uTgOyg.jpg,Cedula_Celeste,0.0
ImagenCedula_0uxuXti.jpg,Cedula_Celeste,356.79478406898653
ImagenCedula_0uzqb6X.jpg,Cedula_Celeste,357.91322272442926
ImagenCedula_0vfEalM.jpg,Cedula_Celeste,357.6337520085442
ImagenCedula_0vFQuMH.jpg,Cedula_Celeste,4.006391471627239
ImagenCedula_0Vh0Amg.jpg,Cedula_Celeste,180.0
ImagenCedula_0vZdLCO.jpg,Cedula_Celeste,177.08156527921844
ImagenCedula_0W45u2Q.jpg,Cedula_Celeste,0.7073193685442566
ImagenCedula_0W8eBiJ.jpg,Cedula_Celeste,0.2301022950972138
ImagenCedula_0wANcS7.jpg,Cedula_Celeste,5.41702211385661
ImagenCedula_0wC3XkH.jpg,Cedula_Celeste,4.118189703988783
ImagenCedula_0Wm7tE5.jpg,Cedula_Celeste,179.5398028320213
ImagenCedula_0WxSX4Y.jpg,Cedula_Celeste,0.0
ImagenCedula_0XAutg0.jpg,Cedula_Celeste,175.3104556226539
ImagenCedula_0XF0TiW.jpg,Cedula_Celeste,186.66961984231233
ImagenCedula_0XGSpqs.jpg,Cedula_Celeste,357.1505254393228
ImagenCedula_0xjaLdv.jpg,Cedula_Celeste,2.457538148177109
ImagenCedula_0XjiwMu.jpg,Cedula_Celeste,178.87669728592456
ImagenCedula_0XKJbzO.jpg,Cedula_Celeste,1.3322198538696388
ImagenCedula_0XkJkaB.jpg,Cedula_Celeste,180.87135151767836
ImagenCedula_0XP3KBD.jpg,Cedula_Celeste,0.0
ImagenCedula_0XZrjoL.jpg,Cedula_Celeste,0.0
ImagenCedula_0YK2fat.jpg,Cedula_Celeste,358.8403247915164
ImagenCedula_12sYQyn.jpg,Cedula_Celeste,357.3085899842216
ImagenCedula_162cwy7.jpg,Cedula_Celeste,5.734327924672677
ImagenCedula_19rlBgK.jpg,Cedula_Celeste,176.99933858653785
ImagenCedula_1a4ZMJW.jpg,Cedula_Celeste,3.712460941182431
ImagenCedula_1alFyqv.jpg,Cedula_Celeste,9.727578551401605
ImagenCedula_1bEAQCW.jpg,Cedula_Celeste,3.07039434131038
ImagenCedula_1bvYrVt.jpg,Cedula_Celeste,356.38137051985564
ImagenCedula_1ccUFoV.jpg,Cedula_Celeste,356.4236656250026
ImagenCedula_1czVQyt.jpg,Cedula_Celeste,0.0
ImagenCedula_1D8x0vk.jpg,Cedula_Celeste,357.38665372469075
ImagenCedula_1DdTnrv.jpg,Cedula_Celeste,0.0
ImagenCedula_1GKjDCa.jpg,Cedula_Celeste,8.64693170795307
ImagenCedula_1HgQYCe.jpg,Cedula_Celeste,6.367179864268677
ImagenCedula_1IaboA4.jpg,Cedula_Celeste,357.57366416839767
ImagenCedula_1JbBsmK.jpg,Cedula_Celeste,0.0
ImagenCedula_1MFyabq.jpg,Cedula_Celeste,349.81758022421405
ImagenCedula_1MmicU1.jpg,Cedula_Celeste,0.0
ImagenCedula_1Ng6uLF.jpg,Cedula_Celeste,0.0
ImagenCedula_1pckomF.jpg,Cedula_Celeste,4.642037813507533
ImagenCedula_1r89lC1.jpg,Cedula_Celeste,358.7759174778238
ImagenCedula_1RpNfV8.jpg,Cedula_Celeste,0.0
ImagenCedula_1UbhJWB.jpg,Cedula_Celeste,0.0
ImagenCedula_1WoAMdW.jpg,Cedula_Celeste,356.2194314656989
ImagenCedula_1wSP4Ts.jpg,Cedula_Celeste,5.971565897796431
ImagenCedula_1WULpBc.jpg,Cedula_Celeste,0.0
ImagenCedula_1zksx9U.jpg,Cedula_Celeste,358.32934672860006
ImagenCedula_21c3bjJ.jpg,Cedula_Celeste,6.009005957494525
ImagenCedula_240GHId.jpg,Cedula_Celeste,0.0
ImagenCedula_25hgUv5.jpg,Cedula_Celeste,352.4714989160394
ImagenCedula_25su8yr.jpg,Cedula_Celeste,0.0
ImagenCedula_2D3pnlW.jpg,Cedula_Celeste,4.264163349152725
ImagenCedula_2Gzhjx2.jpg,Cedula_Celeste,352.8157326075731
8f13b41b-ImagenCedula_258.jpg,Cedula_Celeste,4.398705354995532
ImagenCedula_0iW0SAH.jpg,Cedula_Celeste,177.09618113490373
ImagenCedula_0n0U4fE.jpg,Cedula_Celeste,183.50799497573385
0e698fe5-ImagenCedula_892.jpg,Cedula_Guayaquil,352.335706728609
c3756abb-ImagenCedula_687.jpg,Cedula_Guayaquil,0.0
e8848d60-ImagenCedula_208.jpg,Cedula_Guayaquil,0.0
ef2a5302-ImagenCedula_657.jpg,Cedula_Guayaquil,0.0
f60939ad-ImagenCedula_942.jpg,Cedula_Guayaquil,356.09064882501116
fcb44472-ImagenCedula_212.jpg,Cedula_Guayaquil,0.0
ImagenCedula_01CYod1.jpg,Cedula_Guayaquil,358.5913712646615
ImagenCedula_02C3Ivf.jpg,Cedula_Guayaquil,181.1457628381751
ImagenCedula_02fcdVM.jpg,Cedula_Guayaquil,353.47335123839554
ImagenCedula_03lLylq.jpg,Cedula_Guayaquil,1.6299278853841697
ImagenCedula_04931jE.jpg,Cedula_Guayaquil,4.219095349248455
ImagenCedula_052TCJs.jpg,Cedula_Guayaquil,0.0
ImagenCedula_05cVbEh.jpg,Cedula_Guayaquil,0.0
ImagenCedula_06XpX2O.jpg,Cedula_Guayaquil,5.363069420046713
ImagenCedula_06XwGx6.jpg,Cedula_Guayaquil,7.709333080033923
ImagenCedula_08ajXD2.jpg,Cedula_Guayaquil,355.710846671181
ImagenCedula_09i30bn.jpg,Cedula_Guayaquil,2.309062789025683
ImagenCedula_09ygiDY.jpg,Cedula_Guayaquil,2.509364739851702
ImagenCedula_0aA68P9.jpg,Cedula_Guayaquil,358.1888792078093
ImagenCedula_0azYjnz.jpg,Cedula_Guayaquil,4.301758274059086
ImagenCedula_0b51Bz5.jpg,Cedula_Guayaquil,354.50310749426444
ImagenCedula_0BCm4wG.jpg,Cedula_Guayaquil,184.89909245378774
ImagenCedula_0btIOFP.jpg,Cedula_Guayaquil,0.0
ImagenCedula_0d1Ou3C.jpg,Cedula_Guayaquil,5.214928291301287
ImagenCedula_0DCm069.jpg,Cedula_Guayaquil,357.0297693928035
ImagenCedula_0dR6Le8.jpg,Cedula_Guayaquil,349.59228868750995
ImagenCedula_0e7O33S.jpg,Cedula_Guayaquil,0.0
ImagenCedula_0EoLHW9.jpg,Cedula_Guayaquil,0.0
ImagenCedula_0fmVqyr.jpg,Cedula_Guayaquil,2.6942842898561006
ImagenCedula_0gGzJWs.jpg,Cedula_Guayaquil,354.15543412261314
ImagenCedula_0gZyQgN.jpg,Cedula_Guayaquil,3.5322945838908875
ImagenCedula_0hh5JY7.jpg,Cedula_Guayaquil,353.0816135933063
ImagenCedula_0hvTRo4.jpg,Cedula_Guayaquil,357.9299693469589
ImagenCedula_0iDpQuY.jpg,Cedula_Guayaquil,357.68159895896866
ImagenCedula_0ImoRox.jpg,Cedula_Guayaquil,1.847610265994596
ImagenCedula_0ioPlc0.jpg,Cedula_Guayaquil,358.80651057601796
ImagenCedula_0iQahpB.jpg,Cedula_Guayaquil,0.4565304140990488
ImagenCedula_0iV5LWM.jpg,Cedula_Guayaquil,357.4906352601483
ImagenCedula_0jBIJkC.jpg,Cedula_Guayaquil,0.0
ImagenCedula_0KlPZYu.jpg,Cedula_Guayaquil,3.4893249057963907
ImagenCedula_0kmKQFc.jpg,Cedula_Guayaquil,2.614429596595444
ImagenCedula_0kscGuk.jpg,Cedula_Guayaquil,5.752924699441183
ImagenCedula_0kVG0VJ.jpg,Cedula_Guayaquil,358.4991439127066
ImagenCedula_0Lj6y45.jpg,Cedula_Guayaquil,1.9580674292340408
ImagenCedula_0LlC99M.jpg,Cedula_Guayaquil,357.17603971075766
ImagenCedula_0nNPfzh.jpg,Cedula_Guayaquil,355.4546646912512
ImagenCedula_0OX6hqK.jpg,Cedula_Guayaquil,355.20174896312795
ImagenCedula_0P8do0Q.jpg,Cedula_Guayaquil,358.45184230102205
ImagenCedula_0poF8wS.jpg,Cedula_Guayaquil,355.0404760655605
ImagenCedula_0q2r5Jn.jpg,Cedula_Guayaquil,4.067519566580148
ImagenCedula_0Q4hbxH.jpg,Cedula_Guayaquil,0.0
ImagenCedula_0qavhqR.jpg,Cedula_Guayaquil,2.194167352598712
ImagenCedula_0qw7PFV.jpg,Cedula_Guayaquil,0.0
ImagenCedula_0rTV8vM.jpg,Cedula_Guayaquil,356.3016156283981
ImagenCedula_0RXpXGi.jpg,Cedula_Guayaquil,358.2642954110716
ImagenCedula_0svh8Fs.jpg,Cedula_Guayaquil,359.33120804703134
ImagenCedula_0sWqCaI.jpg,Cedula_Guayaquil,5.063616853030085
ImagenCedula_0sxrddR.jpg,Cedula_Guayaquil,2.7591076586202736
ImagenCedula_0SZRFmI.jpg,Cedula_Guayaquil,0.2212181266648663
ImagenCedula_0T7vSOO.jpg,Cedula_Guayaquil,358.33627499570844
ImagenCedula_0twFYRX.jpg,Cedula_Guayaquil,6.869992308214259
ImagenCedula_0uDVGNE.jpg,Cedula_Guayaquil,355.29490302273376
ImagenCedula_0uqXXMg.jpg,Cedula_Guayaquil,1.4751018008569667
ImagenCedula_0VKHEC6.jpg,Cedula_Guayaquil,2.901910468883643
ImagenCedula_0vvh9id.jpg,Cedula_Guayaquil,356.4513180260956
ImagenCedula_0w7TBVs.jpg,Cedula_Guayaquil,358.83561195987613
ImagenCedula_0w8898Z.jpg,Cedula_Guayaquil,354.3120087467375
ImagenCedula_0wcUrCJ.jpg,Cedula_Guayaquil,358.16716049405795
ImagenCedula_0WJsPrM.jpg,Cedula_Guayaquil,352.67025228324127
ImagenCedula_0X1BlDp.jpg,Cedula_Guayaquil,359.32063524453474
ImagenCedula_0xNX5hK.jpg,Cedula_Guayaquil,0.0
ImagenCedula_0xyqgxg.jpg,Cedula_Guayaquil,0.0
ImagenCedula_0Y1sKhK.jpg,Cedula_Guayaquil,10.753680246939542
ImagenCedula_0Yk1AjU.jpg,Cedula_Guayaquil,0.6535356806778135
ImagenCedula_0yl12SR.jpg,Cedula_Guayaquil,3.394923542118278
ImagenCedula_0ysdQUi.jpg,Cedula_Guayaquil,0.0
ImagenCedula_0YwipJO.jpg,Cedula_Guayaquil,0.0
ImagenCedula_0zgr2b9.jpg,Cedula_Guayaquil,356.0206175473218
ImagenCedula_0ZI23sN.jpg,Cedula_Guayaquil,355.6839724801344
ImagenCedula_0Zkr03p.jpg,Cedula_Guayaquil,4.449847066655931
ImagenCedula_0Zks4gH.jpg,Cedula_Guayaquil,0.0
ImagenCedula_0zLTb1O.jpg,Cedula_Guayaquil,356.845157135208
ImagenCedula_0Zpm8b8.jpg,Cedula_Guayaquil,0.9277857744616792
ImagenCedula_0Zszctr.jpg,Cedula_Guayaquil,1.4961913708292305
ImagenCedula_117jcBF.jpg,Cedula_Guayaquil,356.8995085501922
ImagenCedula_11A6cxY.jpg,Cedula_Guayaquil,3.894978168706871
ImagenCedula_11ADACn.jpg,Cedula_Guayaquil,356.4375454162799
ImagenCedula_11QMIiJ.jpg,Cedula_Guayaquil,359.7540968767293
ImagenCedula_12yFZrn.jpg,Cedula_Guayaquil,356.3233981132111
ImagenCedula_12ZZ40s.jpg,Cedula_Guayaquil,0.0
ImagenCedula_13hc9hv.jpg,Cedula_Guayaquil,0.0
ImagenCedula_13jfRt6.jpg,Cedula_Guayaquil,0.0
ImagenCedula_13TzpL9.jpg,Cedula_Guayaquil,0.0
ImagenCedula_168cjre.jpg,Cedula_Guayaquil,0.0
ImagenCedula_18eIJ8P.jpg,Cedula_Guayaquil,3.979382452678205
ImagenCedula_18q4hGE.jpg,Cedula_Guayaquil,357.0351386908398
ImagenCedula_1AFxSHK.jpg,Cedula_Guayaquil,1.127724025858696
ImagenCedula_1aOONGT.jpg,Cedula_Guayaquil,5.089836509287872
ImagenCedula_1BbVQT4.jpg,Cedula_Guayaquil,356.83271273884804
ImagenCedula_1bDBPl1.jpg,Cedula_Guayaquil,0.0
ImagenCedula_1bs6GzO.jpg,Cedula_Guayaquil,0.0
ImagenCedula_1CpUc0Z.jpg,Cedula_Guayaquil,357.1808940511267
ImagenCedula_1DKZg2B.jpg,Cedula_Guayaquil,184.80348575906908
ImagenCedula_1DPDUlV.jpg,Cedula_Guayaquil,356.8575042229272
ImagenCedula_1DS3EXw.jpg,Cedula_Guayaquil,354.0025994260845
ImagenCedula_1e2lZNY.jpg,Cedula_Guayaquil,357.7717163440584
ImagenCedula_1EuOGfP.jpg,Cedula_Guayaquil,0.0
ImagenCedula_1F4Dd4S.jpg,Cedula_Guayaquil,0.0
ImagenCedula_1feSCEQ.jpg,Cedula_Guayaquil,357.0207514848716
ImagenCedula_1fOdDGc.jpg,Cedula_Guayaquil,6.454920826677264
ImagenCedula_1Fz8Oj4.jpg,Cedula_Guayaquil,7.736219012040251
ImagenCedula_1G3TKmy.jpg,Cedula_Guayaquil,356.2155200905121
ImagenCedula_1gE6b1J.jpg,Cedula_Guayaquil,353.1746735355244
ImagenCedula_1h0Eta7.jpg,Cedula_Guayaquil,0.0
ImagenCedula_1HZ6O5d.jpg,Cedula_Guayaquil,357.78034444680213
ImagenCedula_1JbrlNR.jpg,Cedula_Guayaquil,0.0
ImagenCedula_1kSvW8v.jpg,Cedula_Guayaquil,2.668634569344275
ImagenCedula_1l2ea2c.jpg,Cedula_Guayaquil,0.0
ImagenCedula_1l3nlCt.jpg,Cedula_Guayaquil,0.0
ImagenCedula_1LRADMI.jpg,Cedula_Guayaquil,0.0
ImagenCedula_1mBxuO8.jpg,Cedula_Guayaquil,3.249111560720689
ImagenCedula_1Mk06Dd.jpg,Cedula_Guayaquil,354.14994479428265
ImagenCedula_1n4Vhgl.jpg,Cedula_Guayaquil,2.318401041031315
ImagenCedula_1oMX75O.jpg,Cedula_Guayaquil,9.420652557544637
ImagenCedula_1P2xfdL.jpg,Cedula_Guayaquil,4.507770793401352
ImagenCedula_1Pn8R7U.jpg,Cedula_Guayaquil,354.66784111834045
ImagenCedula_1RxwNQp.jpg,Cedula_Guayaquil,4.500113708420656
ImagenCedula_1SjHpjw.jpg,Cedula_Guayaquil,0.0
ImagenCedula_1STvo6I.jpg,Cedula_Guayaquil,356.98721249581666
ImagenCedula_1sWS59i.jpg,Cedula_Guayaquil,356.3165136108395
ImagenCedula_1tFyQLq.jpg,Cedula_Guayaquil,354.28940686250036
ImagenCedula_1ThdsAu.jpg,Cedula_Guayaquil,0.0
ImagenCedula_1tiqrDf.jpg,Cedula_Guayaquil,9.50553168664626
ImagenCedula_1tMlm4H.jpg,Cedula_Guayaquil,353.9497641771012
ImagenCedula_1Ud6nzc.jpg,Cedula_Guayaquil,355.0020579060721
ImagenCedula_1UN1Tdx.jpg,Cedula_Guayaquil,8.803305640729365
ImagenCedula_1vjBe5x.jpg,Cedula_Guayaquil,0.0
ImagenCedula_1vMwH2S.jpg,Cedula_Guayaquil,0.0
ImagenCedula_1vNMZXU.jpg,Cedula_Guayaquil,0.0
ImagenCedula_1VqyrVh.jpg,Cedula_Guayaquil,5.589868959827794
ImagenCedula_1vs01nd.jpg,Cedula_Guayaquil,3.4093360204901466
ImagenCedula_1W1EfrF.jpg,Cedula_Guayaquil,356.09430086292787
ImagenCedula_1WRVtgt.jpg,Cedula_Guayaquil,359.0411643387505
ImagenCedula_1xzd4Hl.jpg,Cedula_Guayaquil,354.5258717993908
ImagenCedula_1ZeLF3c.jpg,Cedula_Guayaquil,354.28940686250036
ImagenCedula_200K5A8.jpg,Cedula_Guayaquil,0.0
ImagenCedula_20GPAE8.jpg,Cedula_Guayaquil,0.0
ImagenCedula_20qXGiE.jpg,Cedula_Guayaquil,1.7623910236605125
ImagenCedula_2125A1I.jpg,Cedula_Guayaquil,353.4353157086659
ImagenCedula_21s4xRA.jpg,Cedula_Guayaquil,9.044666534410648
ImagenCedula_23G1pQ6.jpg,Cedula_Guayaquil,355.99360852837276
ImagenCedula_24cGIAO.jpg,Cedula_Guayaquil,358.4695608179852
ImagenCedula_24GMqxd.jpg,Cedula_Guayaquil,0.0
ImagenCedula_26R9meF.jpg,Cedula_Guayaquil,0.0
ImagenCedula_26rUWHl.jpg,Cedula_Guayaquil,357.50140561058134
ImagenCedula_27icvzE.jpg,Cedula_Guayaquil,350.1206094204909
ImagenCedula_28qdpq0.jpg,Cedula_Guayaquil,356.7602997038979
ImagenCedula_2AIUk7e.jpg,Cedula_Guayaquil,358.17445769267016
ImagenCedula_2AoReL9.jpg,Cedula_Guayaquil,5.153908561227802
ImagenCedula_2Cr8LfR.jpg,Cedula_Guayaquil,0.0
ImagenCedula_2DQzC52.jpg,Cedula_Guayaquil,0.0
ImagenCedula_2E9YCoZ.jpg,Cedula_Guayaquil,0.0
ImagenCedula_2FIu6NI.jpg,Cedula_Guayaquil,0.0
ImagenCedula_2IAC2QL.jpg,Cedula_Guayaquil,358.0021201435233
ImagenCedula_2IvV1FQ.jpg,Cedula_Guayaquil,355.4735247209012
ImagenCedula_0NmqTs9.jpg,Cedula_Guayaquil,342.31889951014875
ImagenCedula_1K3vtrU.jpg,Cedula_Guayaquil,27.34987578006988
cf575d7a-ImagenCedula_188.jpg,Licencias,353.97171119170343
d15c957b-ImagenCedula_721.jpg,Licencias,1.5951663958111832
d274a062-ImagenCedula_231.jpg,Licencias,359.27933637748237
f51e4fbf-ImagenCedula_461.jpg,Licencias,178.71747291728985
ImagenCedula_00cpYdp.jpg,Licencias,359.78379053753764
ImagenCedula_00pUecl.jpg,Licencias,1.263672551658268
ImagenCedula_00RcoKi.jpg,Licencias,0.2246881796245023
ImagenCedula_01fcrRN.jpg,Licencias,358.98781238601754
ImagenCedula_01PjUmo.jpg,Licencias,0.0
ImagenCedula_02LPdWP.jpg,Licencias,177.40724535979967
ImagenCedula_02PEobb.jpg,Licencias,178.93514530654105
ImagenCedula_037ZMEx.jpg,Licencias,3.1060270956164304
ImagenCedula_03mBzLg.jpg,Licencias,0.8487642715535872
ImagenCedula_05NbqAF.jpg,Licencias,1.114563272484713
ImagenCedula_07Mbl6B.jpg,Licencias,179.3489396197705
ImagenCedula_07WuRAi.jpg,Licencias,358.38969939750103
ImagenCedula_09E1dCB.jpg,Licencias,1.3019526725788753
ImagenCedula_09LgvnX.jpg,Licencias,1.7899106082460694
ImagenCedula_0bAJDQj.jpg,Licencias,5.836628524869507
ImagenCedula_0BocDkQ.jpg,Licencias,353.99099404250546
ImagenCedula_0c2hxmv.jpg,Licencias,1.2777609076285774
ImagenCedula_0dYgwTo.jpg,Licencias,0.0
ImagenCedula_0ekJvt7.jpg,Licencias,8.163945102442934
ImagenCedula_0Eo5Hmo.jpg,Licencias,358.2100893917539
ImagenCedula_0Fc9obE.jpg,Licencias,0.0
ImagenCedula_0gAOlgc.jpg,Licencias,0.0
ImagenCedula_0GcUtom.jpg,Licencias,4.271422017383911
ImagenCedula_0gp1q77.jpg,Licencias,8.063246165697251
ImagenCedula_0gteOIr.jpg,Licencias,0.2348174537936387
ImagenCedula_0GX0SF9.jpg,Licencias,0.0
ImagenCedula_0h6UU6T.jpg,Licencias,2.613346275309236
ImagenCedula_0HtjFFK.jpg,Licencias,1.893385845746274
ImagenCedula_0ijVovc.jpg,Licencias,180.0
ImagenCedula_0ijXajQ.jpg,Licencias,0.0
ImagenCedula_0ILA4BE.jpg,Licencias,0.0
ImagenCedula_0l3Styv.jpg,Licencias,5.98495231511541
ImagenCedula_0LkTvgU.jpg,Licencias,0.0
ImagenCedula_0mEJqvb.jpg,Licencias,4.705096977266242
ImagenCedula_0nklNFs.jpg,Licencias,355.32258214111823
ImagenCedula_0nuMBhJ.jpg,Licencias,3.559266821283213
ImagenCedula_0nzdv5F.jpg,Licencias,0.0
ImagenCedula_0oGVx5G.jpg,Licencias,357.26066427808144
ImagenCedula_0oPiv6p.jpg,Licencias,353.8496184714952
ImagenCedula_0oxndxs.jpg,Licencias,0.0
ImagenCedula_0P21IRI.jpg,Licencias,181.10170611520635
ImagenCedula_0PdSWO3.jpg,Licencias,3.747644974766046
ImagenCedula_0peOrui.jpg,Licencias,0.0
ImagenCedula_0PNutIV.jpg,Licencias,354.92039213998544
ImagenCedula_0PRTtuf.jpg,Licencias,178.65737597346225
ImagenCedula_0PsgQCE.jpg,Licencias,359.06844340192254
ImagenCedula_0PZmVpG.jpg,Licencias,355.38228802750604
ImagenCedula_0q55VC5.jpg,Licencias,7.463494459985338
ImagenCedula_0R78gvu.jpg,Licencias,359.33120804703134
ImagenCedula_0seZoc2.jpg,Licencias,359.534190917235
ImagenCedula_0TsCK1U.jpg,Licencias,174.35412345340424
ImagenCedula_0u67v8C.jpg,Licencias,9.251986223709062
ImagenCedula_0uTnIO0.jpg,Licencias,357.25191181994626
ImagenCedula_0VOWfry.jpg,Licencias,1.3426240265377571
ImagenCedula_0vThSHR.jpg,Licencias,0.0
ImagenCedula_0wso7c4.jpg,Licencias,5.710593137499642
ImagenCedula_0ZkXALN.jpg,Licencias,0.0
ImagenCedula_0ZL7cmj.jpg,Licencias,356.37851529588266
ImagenCedula_0ZnM3iq.jpg,Licencias,0.0
ImagenCedula_0Zohhs7.jpg,Licencias,0.0
ImagenCedula_16wuXzc.jpg,Licencias,357.67218491095883
ImagenCedula_19hH3VZ.jpg,Licencias,352.90424604871384
ImagenCedula_1BSpKJ4.jpg,Licencias,168.6900675259798
ImagenCedula_1cLFY0C.jpg,Licencias,3.8901244040618215
ImagenCedula_1f5mw1Z.jpg,Licencias,356.7819387162058
ImagenCedula_1FTdh8x.jpg,Licencias,0.0
ImagenCedula_1fYoLKR.jpg,Licencias,4.537772507906652
ImagenCedula_1GG77ft.jpg,Licencias,6.723349963051916
ImagenCedula_1IMQ4WI.jpg,Licencias,358.88975565677947
ImagenCedula_1ISIal9.jpg,Licencias,356.72951207681643
ImagenCedula_1j7xHEa.jpg,Licencias,0.0
ImagenCedula_1jEbFFW.jpg,Licencias,0.228268830153421
ImagenCedula_1Kdv5iR.jpg,Licencias,0.0
ImagenCedula_1kO9anx.jpg,Licencias,357.06432655357884
ImagenCedula_1KtgTbZ.jpg,Licencias,6.488115116510543
ImagenCedula_1lyPKvJ.jpg,Licencias,359.0869971331846
ImagenCedula_1pE7ker.jpg,Licencias,355.96819890192626
ImagenCedula_1piFPht.jpg,Licencias,10.47423482822582
ImagenCedula_1QcrC3D.jpg,Licencias,355.6567600483106
ImagenCedula_1rhJU75.jpg,Licencias,359.2808438834549
ImagenCedula_1StNKUG.jpg,Licencias,354.6369305799533
ImagenCedula_1TVtp9m.jpg,Licencias,357.8613174223337
ImagenCedula_1WMLHBi.jpg,Licencias,12.220919331930434
ImagenCedula_1WTcHfg.jpg,Licencias,13.29857033049428
ImagenCedula_1WTO283.jpg,Licencias,357.8434373252852
ImagenCedula_1xh6S9t.jpg,Licencias,358.10661415425375
ImagenCedula_1yFOOcv.jpg,Licencias,356.6050764578817
ImagenCedula_1YxGR0i.jpg,Licencias,0.0
ImagenCedula_1ZJxPqO.jpg,Licencias,1.5693548047489854
ImagenCedula_225uWYQ.jpg,Licencias,2.442415310657095
ImagenCedula_22BgGyW.jpg,Licencias,0.9669255716443012
ImagenCedula_241anjH.jpg,Licencias,9.74859424168536
ImagenCedula_25eaHV7.jpg,Licencias,359.0411643387505
ImagenCedula_25s0o10.jpg,Licencias,0.0
ImagenCedula_26k5QDA.jpg,Licencias,4.067519566580148
ImagenCedula_2AjuQ96.jpg,Licencias,359.74980167980243
ImagenCedula_2CTJwPn.jpg,Licencias,7.217379159029216
ImagenCedula_2DQ8Vfn.jpg,Licencias,4.722406879915756
ImagenCedula_2E9JPXs.jpg,Licencias,0.2427772737668228
ImagenCedula_2GXfWIK.jpg,Licencias,3.90049374238189
ImagenCedula_2JJ0hqz.jpg,Licencias,11.309932474020211
000fb961-ImagenCedula_715.jpg,Otros,0.2203672961231626
0786385b-ImagenCedula_609.jpg,Otros,92.111902593866
1bf92481-ImagenCedula_384.jpg,Otros,268.9520233539935
35971e0b-ImagenCedula_77.jpg,Otros,259.3150875999973
4e3da6b9-ImagenCedula_1040.jpg,Otros,271.5140733606351
4fb39f7f-ImagenCedula_129.jpg,Otros,180.10286484372403
57c123ff-ImagenCedula_61.jpg,Otros,88.13388035667704
871372d0-ImagenCedula_927.jpg,Otros,1.3447243887023312
8ab34eef-ImagenCedula_792.jpg,Otros,270.38367136013864
8fe0d3e7-ImagenCedula_758.jpg,Otros,271.58101077996065
91d0bcb1-ImagenCedula_170.jpg,Otros,270.30748781457777
97d0c16c-ImagenCedula_617.jpg,Otros,88.78628794224619
c2c2ba2a-ImagenCedula_467.jpg,Otros,270.93919094573556
ImagenCedula_00cEEuK.jpg,Otros,19.17900802581072
ImagenCedula_01JZYsS.jpg,Otros,0.0
ImagenCedula_01kieiE.jpg,Otros,0.0
ImagenCedula_023mPRE.jpg,Otros,178.91085783010348
ImagenCedula_02hG0QH.jpg,Otros,179.7540968767293
ImagenCedula_02yDlqN.jpg,Otros,354.5361571867634
ImagenCedula_0523vLR.jpg,Otros,0.0
ImagenCedula_05AkYkz.jpg,Otros,180.51849968729067
ImagenCedula_069OneS.jpg,Otros,174.4885225839794
ImagenCedula_08DD74A.jpg,Otros,177.45005098703982
ImagenCedula_08g3Emy.jpg,Otros,179.76989770490275
ImagenCedula_08q9shh.jpg,Otros,89.02897806892084
ImagenCedula_09KwoRw.jpg,Otros,180.0
ImagenCedula_0ABvG0p.jpg,Otros,185.71059313749964
ImagenCedula_0ahwLsC.jpg,Otros,173.21102542556122
ImagenCedula_0BVztlX.jpg,Otros,352.90525083238896
ImagenCedula_0BWDdDv.jpg,Otros,4.741789754519062
ImagenCedula_0BypUSE.jpg,Otros,177.62394478199369
ImagenCedula_0CDPdBm.jpg,Otros,5.931526924919763
ImagenCedula_0CI0TrN.jpg,Otros,358.3153156821037
ImagenCedula_0CkABP9.jpg,Otros,355.8624064158559
ImagenCedula_0CpQXwX.jpg,Otros,359.3097228021349
ImagenCedula_0crGU8q.jpg,Otros,179.74421696926075
ImagenCedula_0csM7Iu.jpg,Otros,179.7735356476588
ImagenCedula_0CviVsZ.jpg,Otros,181.40862873533845
ImagenCedula_0dBUz35.jpg,Otros,270.3148088073891
ImagenCedula_0Dg5mgo.jpg,Otros,358.4377750831576
ImagenCedula_0e1Ihxj.jpg,Otros,178.47923033885624
ImagenCedula_0fb7T5m.jpg,Otros,178.89829388479365
ImagenCedula_0fGKVUa.jpg,Otros,182.26050191114126
ImagenCedula_0GuihB2.jpg,Otros,0.5003870987922329
ImagenCedula_0GzDz7b.jpg,Otros,90.54565759341573
ImagenCedula_0hcvnZb.jpg,Otros,356.6636632977867
ImagenCedula_0hHtJkw.jpg,Otros,179.7383772543052
ImagenCedula_0iJH6H4.jpg,Otros,0.9548412538721888
ImagenCedula_0KxWlyX.jpg,Otros,355.318121763601
ImagenCedula_0lcFFS3.jpg,Otros,353.1957404373916
ImagenCedula_0lRaoBP.jpg,Otros,355.49222920659867
ImagenCedula_0mmtaLK.jpg,Otros,357.6140559696112
ImagenCedula_0msmPuv.jpg,Otros,179.19307054489764
ImagenCedula_0n4lgGt.jpg,Otros,272.4575381481771
ImagenCedula_0NHF3MJ.jpg,Otros,4.184916125118416
ImagenCedula_0niFzBz.jpg,Otros,177.08467788335747
ImagenCedula_0ojzm5a.jpg,Otros,183.32464910711082
ImagenCedula_0pdHsBA.jpg,Otros,89.47436539354239
ImagenCedula_0PQYQEr.jpg,Otros,181.03535318654494
ImagenCedula_0Q0RHgY.jpg,Otros,89.77173116984659
ImagenCedula_0RQdB4B.jpg,Otros,181.64328065449274
ImagenCedula_0rRULqR.jpg,Otros,359.55927192723897
ImagenCedula_0RSsR3Y.jpg,Otros,182.81555668421123
ImagenCedula_0rWYMAe.jpg,Otros,185.62124306643946
ImagenCedula_0S7vT9A.jpg,Otros,180.43903952568166
ImagenCedula_0sz9EML.jpg,Otros,187.66680426181418
ImagenCedula_0T2kBsO.jpg,Otros,0.913002866815424
ImagenCedula_0tGFqIm.jpg,Otros,87.56805005408242
ImagenCedula_0TjTurB.jpg,Otros,180.23774045929298
ImagenCedula_0UFib6V.jpg,Otros,0.0
ImagenCedula_0UHGDww.jpg,Otros,10.1506482802674
ImagenCedula_0UL5wtZ.jpg,Otros,3.613880752003644
ImagenCedula_0uVNhk6.jpg,Otros,179.5398028320213
ImagenCedula_0uYvSYz.jpg,Otros,179.1512357284464
ImagenCedula_0W9r63Z.jpg,Otros,83.8298249049704
ImagenCedula_0WgmLw1.jpg,Otros,1.9497416721068856
ImagenCedula_0Wqk8Eg.jpg,Otros,2.1124112702291
ImagenCedula_0Yb2esp.jpg,Otros,0.4735080587349263
ImagenCedula_0Zzn7mm.jpg,Otros,180.0
ImagenCedula_1ap6LP0.jpg,Otros,358.5121324711722
ImagenCedula_1InBXxT.jpg,Otros,85.96507248386904
ImagenCedula_1jujUBh.jpg,Otros,84.87180895814717
ImagenCedula_1KwVtYt.jpg,Otros,0.351503439873352
ImagenCedula_1lCcg8d.jpg,Otros,90.25019832019755
ImagenCedula_1OqjvKo.jpg,Otros,8.74296595958403
ImagenCedula_1R5MyAd.jpg,Otros,358.8147391813776
ImagenCedula_1RtAUIi.jpg,Otros,269.7310077063035
ImagenCedula_1xUvU4P.jpg,Otros,277.67621475356054
ImagenCedula_21jvJRY.jpg,Otros,267.9299693469589
ImagenCedula_21yKmKp.jpg,Otros,86.72951207681643
ImagenCedula.jpg,Papeleta,359.7359660187409
ImagenCedula_00aDwsg.jpg,Papeleta,180.2677353387022
ImagenCedula_01MDFEF.jpg,Papeleta,179.72321094782225
ImagenCedula_02vYwer.jpg,Papeleta,1.8141919090299523
ImagenCedula_02ZDqhz.jpg,Papeleta,180.56447217530695
ImagenCedula_03ffAao.jpg,Papeleta,0.2754583561352399
ImagenCedula_03vboyY.jpg,Papeleta,180.57008844499887
ImagenCedula_03wpJsL.jpg,Papeleta,0.0
ImagenCedula_049gGnf.jpg,Papeleta,1.0609116902642275
ImagenCedula_04jFQUm.jpg,Papeleta,0.5430716937237866
ImagenCedula_04uJ4QK.jpg,Papeleta,0.5379727301122598
ImagenCedula_04YfO2x.jpg,Papeleta,179.7271650169319
ImagenCedula_05bGpc7.jpg,Papeleta,358.69804732742114
ImagenCedula_05GKlC5.jpg,Papeleta,184.1849161251184
ImagenCedula_05JGO83.jpg,Papeleta,-18.23
ImagenCedula_05JrO3o.jpg,Papeleta,178.64893491728034
ImagenCedula_06xSZmZ.jpg,Papeleta,0.0
ImagenCedula_07ktjZS.jpg,Papeleta,358.54364136566033
ImagenCedula_080ld0M.jpg,Papeleta,2.1016543276712936
ImagenCedula_08buSzV.jpg,Papeleta,192.29858984407986
ImagenCedula_08Qr7jC.jpg,Papeleta,1.576550055183732
ImagenCedula_09TrYr9.jpg,Papeleta,4.763641690726178
ImagenCedula_0AjhrjB.jpg,Papeleta,177.51044707800085
ImagenCedula_0aPao6O.jpg,Papeleta,1.479635770896809
ImagenCedula_0Bav9u9.jpg,Papeleta,359.79390096261585
ImagenCedula_0bHbMvY.jpg,Papeleta,10.222168633636125
ImagenCedula_0BILXjQ.jpg,Papeleta,355.5673315313101
ImagenCedula_0ckaq8J.jpg,Papeleta,180.0
ImagenCedula_0cKk1s1.jpg,Papeleta,356.807527387068
ImagenCedula_0CLSWFz.jpg,Papeleta,2.544804379813096
ImagenCedula_0cMTSj9.jpg,Papeleta,0.0
ImagenCedula_0cqDxZ9.jpg,Papeleta,187.46707664026033
ImagenCedula_0CucqPJ.jpg,Papeleta,2.9482507219327045
ImagenCedula_0cvc93y.jpg,Papeleta,182.707852887004
ImagenCedula_0dJ008L.jpg,Papeleta,5.389311759973409
ImagenCedula_0DopZmp.jpg,Papeleta,176.82016988013575
ImagenCedula_0DT017F.jpg,Papeleta,180.7848246029919
ImagenCedula_0dVtNge.jpg,Papeleta,357.3200260598921
ImagenCedula_0E34dOG.jpg,Papeleta,0.0
ImagenCedula_0e3QJKr.jpg,Papeleta,359.74759731771087
ImagenCedula_0ebRzTi.jpg,Papeleta,3.492593160856053
ImagenCedula_0eRATc5.jpg,Papeleta,178.93908830973578
ImagenCedula_0eT6gRf.jpg,Papeleta,348.7940524925974
ImagenCedula_0exfdwL.jpg,Papeleta,180.0
ImagenCedula_0FkNCjL.jpg,Papeleta,17.102728969052375
ImagenCedula_0Fs0B8S.jpg,Papeleta,359.2559407971113
ImagenCedula_0gzDw6O.jpg,Papeleta,180.25925515150138
ImagenCedula_0h6BdLZ.jpg,Papeleta,179.22925125460802
ImagenCedula_0HcSXow.jpg,Papeleta,6.483073692897237
ImagenCedula_0hdPw1O.jpg,Papeleta,180.0
ImagenCedula_0HdVfTd.jpg,Papeleta,0.5208563745019587
ImagenCedula_0hWivsQ.jpg,Papeleta,175.072890052351
ImagenCedula_0iktOFj.jpg,Papeleta,179.2868113649824
ImagenCedula_0INI6vL.jpg,Papeleta,12.331139465988064
ImagenCedula_0iurNWt.jpg,Papeleta,349.7860270149295
ImagenCedula_0iVB4Xx.jpg,Papeleta,184.47946045235028
ImagenCedula_0ivSsOX.jpg,Papeleta,180.2616227456948
ImagenCedula_0IXcAvd.jpg,Papeleta,179.7322646612978
ImagenCedula_0iXIlBl.jpg,Papeleta,358.92414937920876
ImagenCedula_0ixNxYa.jpg,Papeleta,176.42366562500266
ImagenCedula_0J8iAza.jpg,Papeleta,359.0330744283557
ImagenCedula_0JAODuo.jpg,Papeleta,359.76027010391914
ImagenCedula_0Jp5sBd.jpg,Papeleta,4.359407844344818
ImagenCedula_0Kaq5p7.jpg,Papeleta,184.2456107841029
ImagenCedula_0kjYWbf.jpg,Papeleta,1.1984816501184898
ImagenCedula_0KWXnTH.jpg,Papeleta,1.7585285604391097
ImagenCedula_0KwyGjX.jpg,Papeleta,0.2512956672089501
ImagenCedula_0kyzMCd.jpg,Papeleta,179.23948122286913
ImagenCedula_0KYzPLI.jpg,Papeleta,178.2414714395609
ImagenCedula_0LdhCKt.jpg,Papeleta,357.06432655357884
ImagenCedula_0LhHlAh.jpg,Papeleta,176.55579748534672
ImagenCedula_0lhqYK6.jpg,Papeleta,356.67852423665397
ImagenCedula_0LqV7FL.jpg,Papeleta,0.5070290609147756
ImagenCedula_0lxb9sA.jpg,Papeleta,2.036325454798276
ImagenCedula_0m0eS1V.jpg,Papeleta,0.2580873513361871
ImagenCedula_0mT7dHP.jpg,Papeleta,182.62640563829075
ImagenCedula_0mUiDw7.jpg,Papeleta,0.0
ImagenCedula_0NgH29Y.jpg,Papeleta,359.25270612317394
ImagenCedula_0NQfQVA.jpg,Papeleta,0.0
ImagenCedula_0O8AUw4.jpg,Papeleta,358.99930212214116
ImagenCedula_0ObiKYt.jpg,Papeleta,355.05166624997565
ImagenCedula_0ojp2Y9.jpg,Papeleta,179.4543424065843
ImagenCedula_0okiCEE.jpg,Papeleta,357.12454631601474
ImagenCedula_0onBF27.jpg,Papeleta,2.6630007660671438
ImagenCedula_0ptNHjF.jpg,Papeleta,1.4040272191042868
ImagenCedula_0qeaTkL.jpg,Papeleta,178.91907581333933
ImagenCedula_0QJSEt1.jpg,Papeleta,2.501622814281763
ImagenCedula_0QLlRAU.jpg,Papeleta,183.71899397315804
ImagenCedula_0QNwOXn.jpg,Papeleta,176.72951207681643
ImagenCedula_0rl4huc.jpg,Papeleta,178.6163130326315
ImagenCedula_0rLjvza.jpg,Papeleta,180.80692945510236
ImagenCedula_0RMJcHE.jpg,Papeleta,177.33699923393286
ImagenCedula_0rpvORp.jpg,Papeleta,13.519414114129388
ImagenCedula_0RWZslg.jpg,Papeleta,0.5305013166738104
ImagenCedula_0sprvaE.jpg,Papeleta,183.49259316085605
ImagenCedula_0stL4xj.jpg,Papeleta,358.9087837747374
ImagenCedula_0T6bPcK.jpg,Papeleta,180.77074874539198
ImagenCedula_0TD5yEq.jpg,Papeleta,179.73717716676347
ImagenCedula_0trxOzi.jpg,Papeleta,1.2137120577538092
ImagenCedula_0tTtMHQ.jpg,Papeleta,358.6921043983362
ImagenCedula_0uaFxPh.jpg,Papeleta,180.75716886505853
ImagenCedula_0UBHpiU.jpg,Papeleta,0.2604335678133705
ImagenCedula_0uiFwyK.jpg,Papeleta,182.62640563829075
ImagenCedula_0uz2Y7N.jpg,Papeleta,181.35106508271966
ImagenCedula_0vbRwmr.jpg,Papeleta,358.81881108667335
ImagenCedula_0VDcLUg.jpg,Papeleta,179.42706130231653
ImagenCedula_0vgEHjr.jpg,Papeleta,184.62813753773233
ImagenCedula_0vrVIC7.jpg,Papeleta,181.01397872278528
ImagenCedula_0Vv3ru8.jpg,Papeleta,350.30439007661755
ImagenCedula_0WbGJl4.jpg,Papeleta,180.54826823630418
ImagenCedula_0Wgq8BZ.jpg,Papeleta,180.8184554616886
ImagenCedula_0WJuQ1w.jpg,Papeleta,359.2461516669292
ImagenCedula_0WpmVLw.jpg,Papeleta,183.05658044814945
ImagenCedula_0Wrl95W.jpg,Papeleta,172.81146285726336
ImagenCedula_0wZW3AU.jpg,Papeleta,178.80651057601798
ImagenCedula_0X8rdek.jpg,Papeleta,4.541995680266741
ImagenCedula_0XaDKpD.jpg,Papeleta,3.914137218612427
ImagenCedula_0XncplB.jpg,Papeleta,0.0
ImagenCedula_0Z3UMBN.jpg,Papeleta,1.5481576989779675
ImagenCedula_0ZIPlHo.jpg,Papeleta,355.6839724801344
ImagenCedula_0ZKZ5Mi.jpg,Papeleta,356.5557974853467
ImagenCedula_1CnH7kv.jpg,Papeleta,0.0
ImagenCedula_1Ibfb8g.jpg,Papeleta,350.45086607126404
ImagenCedula_1Imy2ZT.jpg,Papeleta,0.0
ImagenCedula_1IwsOAK.jpg,Papeleta,355.1516952316051
ImagenCedula_1NxP6d6.jpg,Papeleta,0.0
ImagenCedula_1Q8vYja.jpg,Papeleta,354.99202810795975
ImagenCedula_1TiF7e8.jpg,Papeleta,0.0
ImagenCedula_1ZSSzMX.jpg,Papeleta,355.19204603696954
ImagenCedula_22etYeM.jpg,Papeleta,357.2257226886992
ImagenCedula_2EuBvAF.jpg,Papeleta,357.70938995736145
ImagenCedula_2Ftu6AJ.jpg,Papeleta,0.0
